gender,metric,months,median,source
Nam,HFA,0,49.9,WHO Child Growth Standards 2006 (0-60 thang)
Nam,HFA,1,54.7,WHO Child Growth Standards 2006 (0-60 thang)
Nam,HFA,2,58.4,WHO Child Growth Standards 2006 (0-60 thang)
Nam,HFA,3,61.4,WHO Child Growth Standards 2006 (0-60 thang)
Nam,HFA,4,63.9,WHO Child Growth Standards 2006 (0-60 thang)
Nam,HFA,5,65.9,WHO Child Growth Standards 2006 (0-60 thang)
Nam,HFA,6,67.6,WHO Child Growth Standards 2006 (0-60 thang)
Nam,HFA,7,69.2,WHO Child Growth Standards 2006 (0-60 thang)
Nam,HFA,8,70.6,WHO Child Growth Standards 2006 (0-60 thang)
Nam,HFA,9,72,WHO Child Growth Standards 2006 (0-60 thang)
Nam,HFA,10,73.3,WHO Child Growth Standards 2006 (0-60 thang)
Nam,HFA,11,74.5,WHO Child Growth Standards 2006 (0-60 thang)
Nam,HFA,12,75.7,WHO Child Growth Standards 2006 (0-60 thang)
Nam,HFA,13,76.9,WHO Child Growth Standards 2006 (0-60 thang)
Nam,HFA,14,78,WHO Child Growth Standards 2006 (0-60 thang)
Nam,HFA,15,79.2,WHO Child Growth Standards 2006 (0-60 thang)
Nam,HFA,16,80.2,WHO Child Growth Standards 2006 (0-60 thang)
Nam,HFA,17,81.2,WHO Child Growth Standards 2006 (0-60 thang)
Nam,HFA,18,82.3,WHO Child Growth Standards 2006 (0-60 thang)
Nam,HFA,19,83.2,WHO Child Growth Standards 2006 (0-60 thang)
Nam,HFA,20,84.2,WHO Child Growth Standards 2006 (0-60 thang)
Nam,HFA,21,85.1,WHO Child Growth Standards 2006 (0-60 thang)
Nam,HFA,22,86.1,WHO Child Growth Standards 2006 (0-60 thang)
Nam,HFA,23,86.9,WHO Child Growth Standards 2006 (0-60 thang)
Nam,HFA,24,87.8,WHO Child Growth Standards 2006 (0-60 thang)
Nam,HFA,25,88,WHO Child Growth Standards 2006 (0-60 thang)
Nam,HFA,26,88.8,WHO Child Growth Standards 2006 (0-60 thang)
Nam,HFA,27,89.6,WHO Child Growth Standards 2006 (0-60 thang)
Nam,HFA,28,90.4,WHO Child Growth Standards 2006 (0-60 thang)
Nam,HFA,29,91.2,WHO Child Growth Standards 2006 (0-60 thang)
Nam,HFA,30,91.9,WHO Child Growth Standards 2006 (0-60 thang)
Nam,HFA,31,92.7,WHO Child Growth Standards 2006 (0-60 thang)
Nam,HFA,32,93.4,WHO Child Growth Standards 2006 (0-60 thang)
Nam,HFA,33,94.1,WHO Child Growth Standards 2006 (0-60 thang)
Nam,HFA,34,94.8,WHO Child Growth Standards 2006 (0-60 thang)
Nam,HFA,35,95.4,WHO Child Growth Standards 2006 (0-60 thang)
Nam,HFA,36,96.1,WHO Child Growth Standards 2006 (0-60 thang)
Nam,HFA,37,96.7,WHO Child Growth Standards 2006 (0-60 thang)
Nam,HFA,38,97.4,WHO Child Growth Standards 2006 (0-60 thang)
Nam,HFA,39,98,WHO Child Growth Standards 2006 (0-60 thang)
Nam,HFA,40,98.6,WHO Child Growth Standards 2006 (0-60 thang)
Nam,HFA,41,99.2,WHO Child Growth Standards 2006 (0-60 thang)
Nam,HFA,42,99.8,WHO Child Growth Standards 2006 (0-60 thang)
Nam,HFA,43,100.5,WHO Child Growth Standards 2006 (0-60 thang)
Nam,HFA,44,101,WHO Child Growth Standards 2006 (0-60 thang)
Nam,HFA,45,101.6,WHO Child Growth Standards 2006 (0-60 thang)
Nam,HFA,46,102.2,WHO Child Growth Standards 2006 (0-60 thang)
Nam,HFA,47,102.8,WHO Child Growth Standards 2006 (0-60 thang)
Nam,HFA,48,103.3,WHO Child Growth Standards 2006 (0-60 thang)
Nam,HFA,49,103.9,WHO Child Growth Standards 2006 (0-60 thang)
Nam,HFA,50,104.4,WHO Child Growth Standards 2006 (0-60 thang)
Nam,HFA,51,105,WHO Child Growth Standards 2006 (0-60 thang)
Nam,HFA,52,105.6,WHO Child Growth Standards 2006 (0-60 thang)
Nam,HFA,53,106.1,WHO Child Growth Standards 2006 (0-60 thang)
Nam,HFA,54,106.7,WHO Child Growth Standards 2006 (0-60 thang)
Nam,HFA,55,107.2,WHO Child Growth Standards 2006 (0-60 thang)
Nam,HFA,56,107.8,WHO Child Growth Standards 2006 (0-60 thang)
Nam,HFA,57,108.3,WHO Child Growth Standards 2006 (0-60 thang)
Nam,HFA,58,108.9,WHO Child Growth Standards 2006 (0-60 thang)
Nam,HFA,59,109.4,WHO Child Growth Standards 2006 (0-60 thang)
Nam,HFA,60,110,WHO Child Growth Standards 2006 (0-60 thang)
Nam,HFA,61,110.3,WHO Growth Reference 2007 (61-228 thang)
Nam,HFA,62,110.8,WHO Growth Reference 2007 (61-228 thang)
Nam,HFA,63,111.3,WHO Growth Reference 2007 (61-228 thang)
Nam,HFA,64,111.9,WHO Growth Reference 2007 (61-228 thang)
Nam,HFA,65,112.4,WHO Growth Reference 2007 (61-228 thang)
Nam,HFA,66,112.9,WHO Growth Reference 2007 (61-228 thang)
Nam,HFA,67,113.4,WHO Growth Reference 2007 (61-228 thang)
Nam,HFA,68,113.9,WHO Growth Reference 2007 (61-228 thang)
Nam,HFA,69,114.5,WHO Growth Reference 2007 (61-228 thang)
Nam,HFA,70,115,WHO Growth Reference 2007 (61-228 thang)
Nam,HFA,71,115.5,WHO Growth Reference 2007 (61-228 thang)
Nam,HFA,72,116,WHO Growth Reference 2007 (61-228 thang)
Nam,HFA,73,116.4,WHO Growth Reference 2007 (61-228 thang)
Nam,HFA,74,116.9,WHO Growth Reference 2007 (61-228 thang)
Nam,HFA,75,117.4,WHO Growth Reference 2007 (61-228 thang)
Nam,HFA,76,117.9,WHO Growth Reference 2007 (61-228 thang)
Nam,HFA,77,118.4,WHO Growth Reference 2007 (61-228 thang)
Nam,HFA,78,118.9,WHO Growth Reference 2007 (61-228 thang)
Nam,HFA,79,119.4,WHO Growth Reference 2007 (61-228 thang)
Nam,HFA,80,119.8,WHO Growth Reference 2007 (61-228 thang)
Nam,HFA,81,120.3,WHO Growth Reference 2007 (61-228 thang)
Nam,HFA,82,120.8,WHO Growth Reference 2007 (61-228 thang)
Nam,HFA,83,121.3,WHO Growth Reference 2007 (61-228 thang)
Nam,HFA,84,121.7,WHO Growth Reference 2007 (61-228 thang)
Nam,HFA,85,122.2,WHO Growth Reference 2007 (61-228 thang)
Nam,HFA,86,122.7,WHO Growth Reference 2007 (61-228 thang)
Nam,HFA,87,123.1,WHO Growth Reference 2007 (61-228 thang)
Nam,HFA,88,123.6,WHO Growth Reference 2007 (61-228 thang)
Nam,HFA,89,124.1,WHO Growth Reference 2007 (61-228 thang)
Nam,HFA,90,124.5,WHO Growth Reference 2007 (61-228 thang)
Nam,HFA,91,125,WHO Growth Reference 2007 (61-228 thang)
Nam,HFA,92,125.5,WHO Growth Reference 2007 (61-228 thang)
Nam,HFA,93,125.9,WHO Growth Reference 2007 (61-228 thang)
Nam,HFA,94,126.4,WHO Growth Reference 2007 (61-228 thang)
Nam,HFA,95,126.8,WHO Growth Reference 2007 (61-228 thang)
Nam,HFA,96,127.3,WHO Growth Reference 2007 (61-228 thang)
Nam,HFA,97,127.7,WHO Growth Reference 2007 (61-228 thang)
Nam,HFA,98,128.2,WHO Growth Reference 2007 (61-228 thang)
Nam,HFA,99,128.6,WHO Growth Reference 2007 (61-228 thang)
Nam,HFA,100,129,WHO Growth Reference 2007 (61-228 thang)
Nam,HFA,101,129.5,WHO Growth Reference 2007 (61-228 thang)
Nam,HFA,102,129.9,WHO Growth Reference 2007 (61-228 thang)
Nam,HFA,103,130.4,WHO Growth Reference 2007 (61-228 thang)
Nam,HFA,104,130.8,WHO Growth Reference 2007 (61-228 thang)
Nam,HFA,105,131.2,WHO Growth Reference 2007 (61-228 thang)
Nam,HFA,106,131.7,WHO Growth Reference 2007 (61-228 thang)
Nam,HFA,107,132.1,WHO Growth Reference 2007 (61-228 thang)
Nam,HFA,108,132.6,WHO Growth Reference 2007 (61-228 thang)
Nam,HFA,109,133,WHO Growth Reference 2007 (61-228 thang)
Nam,HFA,110,133.4,WHO Growth Reference 2007 (61-228 thang)
Nam,HFA,111,133.9,WHO Growth Reference 2007 (61-228 thang)
Nam,HFA,112,134.3,WHO Growth Reference 2007 (61-228 thang)
Nam,HFA,113,134.7,WHO Growth Reference 2007 (61-228 thang)
Nam,HFA,114,135.2,WHO Growth Reference 2007 (61-228 thang)
Nam,HFA,115,135.6,WHO Growth Reference 2007 (61-228 thang)
Nam,HFA,116,136.1,WHO Growth Reference 2007 (61-228 thang)
Nam,HFA,117,136.5,WHO Growth Reference 2007 (61-228 thang)
Nam,HFA,118,136.9,WHO Growth Reference 2007 (61-228 thang)
Nam,HFA,119,137.3,WHO Growth Reference 2007 (61-228 thang)
Nam,HFA,120,137.8,WHO Growth Reference 2007 (61-228 thang)
Nam,HFA,121,138.2,WHO Growth Reference 2007 (61-228 thang)
Nam,HFA,122,138.6,WHO Growth Reference 2007 (61-228 thang)
Nam,HFA,123,139.1,WHO Growth Reference 2007 (61-228 thang)
Nam,HFA,124,139.5,WHO Growth Reference 2007 (61-228 thang)
Nam,HFA,125,140,WHO Growth Reference 2007 (61-228 thang)
Nam,HFA,126,140.4,WHO Growth Reference 2007 (61-228 thang)
Nam,HFA,127,140.8,WHO Growth Reference 2007 (61-228 thang)
Nam,HFA,128,141.3,WHO Growth Reference 2007 (61-228 thang)
Nam,HFA,129,141.7,WHO Growth Reference 2007 (61-228 thang)
Nam,HFA,130,142.2,WHO Growth Reference 2007 (61-228 thang)
Nam,HFA,131,142.7,WHO Growth Reference 2007 (61-228 thang)
Nam,HFA,132,143.1,WHO Growth Reference 2007 (61-228 thang)
Nam,HFA,133,143.6,WHO Growth Reference 2007 (61-228 thang)
Nam,HFA,134,144.1,WHO Growth Reference 2007 (61-228 thang)
Nam,HFA,135,144.5,WHO Growth Reference 2007 (61-228 thang)
Nam,HFA,136,145,WHO Growth Reference 2007 (61-228 thang)
Nam,HFA,137,145.5,WHO Growth Reference 2007 (61-228 thang)
Nam,HFA,138,146,WHO Growth Reference 2007 (61-228 thang)
Nam,HFA,139,146.5,WHO Growth Reference 2007 (61-228 thang)
Nam,HFA,140,147,WHO Growth Reference 2007 (61-228 thang)
Nam,HFA,141,147.5,WHO Growth Reference 2007 (61-228 thang)
Nam,HFA,142,148,WHO Growth Reference 2007 (61-228 thang)
Nam,HFA,143,148.5,WHO Growth Reference 2007 (61-228 thang)
Nam,HFA,144,149.1,WHO Growth Reference 2007 (61-228 thang)
Nam,HFA,145,149.6,WHO Growth Reference 2007 (61-228 thang)
Nam,HFA,146,150.2,WHO Growth Reference 2007 (61-228 thang)
Nam,HFA,147,150.7,WHO Growth Reference 2007 (61-228 thang)
Nam,HFA,148,151.3,WHO Growth Reference 2007 (61-228 thang)
Nam,HFA,149,151.9,WHO Growth Reference 2007 (61-228 thang)
Nam,HFA,150,152.4,WHO Growth Reference 2007 (61-228 thang)
Nam,HFA,151,153,WHO Growth Reference 2007 (61-228 thang)
Nam,HFA,152,153.6,WHO Growth Reference 2007 (61-228 thang)
Nam,HFA,153,154.2,WHO Growth Reference 2007 (61-228 thang)
Nam,HFA,154,154.8,WHO Growth Reference 2007 (61-228 thang)
Nam,HFA,155,155.4,WHO Growth Reference 2007 (61-228 thang)
Nam,HFA,156,156,WHO Growth Reference 2007 (61-228 thang)
Nam,HFA,157,156.7,WHO Growth Reference 2007 (61-228 thang)
Nam,HFA,158,157.3,WHO Growth Reference 2007 (61-228 thang)
Nam,HFA,159,157.9,WHO Growth Reference 2007 (61-228 thang)
Nam,HFA,160,158.5,WHO Growth Reference 2007 (61-228 thang)
Nam,HFA,161,159.1,WHO Growth Reference 2007 (61-228 thang)
Nam,HFA,162,159.7,WHO Growth Reference 2007 (61-228 thang)
Nam,HFA,163,160.3,WHO Growth Reference 2007 (61-228 thang)
Nam,HFA,164,160.9,WHO Growth Reference 2007 (61-228 thang)
Nam,HFA,165,161.5,WHO Growth Reference 2007 (61-228 thang)
Nam,HFA,166,162.1,WHO Growth Reference 2007 (61-228 thang)
Nam,HFA,167,162.6,WHO Growth Reference 2007 (61-228 thang)
Nam,HFA,168,163.2,WHO Growth Reference 2007 (61-228 thang)
Nam,HFA,169,163.7,WHO Growth Reference 2007 (61-228 thang)
Nam,HFA,170,164.3,WHO Growth Reference 2007 (61-228 thang)
Nam,HFA,171,164.8,WHO Growth Reference 2007 (61-228 thang)
Nam,HFA,172,165.3,WHO Growth Reference 2007 (61-228 thang)
Nam,HFA,173,165.8,WHO Growth Reference 2007 (61-228 thang)
Nam,HFA,174,166.3,WHO Growth Reference 2007 (61-228 thang)
Nam,HFA,175,166.8,WHO Growth Reference 2007 (61-228 thang)
Nam,HFA,176,167.2,WHO Growth Reference 2007 (61-228 thang)
Nam,HFA,177,167.7,WHO Growth Reference 2007 (61-228 thang)
Nam,HFA,178,168.1,WHO Growth Reference 2007 (61-228 thang)
Nam,HFA,179,168.5,WHO Growth Reference 2007 (61-228 thang)
Nam,HFA,180,169,WHO Growth Reference 2007 (61-228 thang)
Nam,HFA,181,169.4,WHO Growth Reference 2007 (61-228 thang)
Nam,HFA,182,169.7,WHO Growth Reference 2007 (61-228 thang)
Nam,HFA,183,170.1,WHO Growth Reference 2007 (61-228 thang)
Nam,HFA,184,170.5,WHO Growth Reference 2007 (61-228 thang)
Nam,HFA,185,170.8,WHO Growth Reference 2007 (61-228 thang)
Nam,HFA,186,171.1,WHO Growth Reference 2007 (61-228 thang)
Nam,HFA,187,171.5,WHO Growth Reference 2007 (61-228 thang)
Nam,HFA,188,171.8,WHO Growth Reference 2007 (61-228 thang)
Nam,HFA,189,172.1,WHO Growth Reference 2007 (61-228 thang)
Nam,HFA,190,172.4,WHO Growth Reference 2007 (61-228 thang)
Nam,HFA,191,172.6,WHO Growth Reference 2007 (61-228 thang)
Nam,HFA,192,172.9,WHO Growth Reference 2007 (61-228 thang)
Nam,HFA,193,173.1,WHO Growth Reference 2007 (61-228 thang)
Nam,HFA,194,173.4,WHO Growth Reference 2007 (61-228 thang)
Nam,HFA,195,173.6,WHO Growth Reference 2007 (61-228 thang)
Nam,HFA,196,173.8,WHO Growth Reference 2007 (61-228 thang)
Nam,HFA,197,174,WHO Growth Reference 2007 (61-228 thang)
Nam,HFA,198,174.2,WHO Growth Reference 2007 (61-228 thang)
Nam,HFA,199,174.4,WHO Growth Reference 2007 (61-228 thang)
Nam,HFA,200,174.6,WHO Growth Reference 2007 (61-228 thang)
Nam,HFA,201,174.7,WHO Growth Reference 2007 (61-228 thang)
Nam,HFA,202,174.9,WHO Growth Reference 2007 (61-228 thang)
Nam,HFA,203,175,WHO Growth Reference 2007 (61-228 thang)
Nam,HFA,204,175.2,WHO Growth Reference 2007 (61-228 thang)
Nam,HFA,205,175.3,WHO Growth Reference 2007 (61-228 thang)
Nam,HFA,206,175.4,WHO Growth Reference 2007 (61-228 thang)
Nam,HFA,207,175.5,WHO Growth Reference 2007 (61-228 thang)
Nam,HFA,208,175.6,WHO Growth Reference 2007 (61-228 thang)
Nam,HFA,209,175.7,WHO Growth Reference 2007 (61-228 thang)
Nam,HFA,210,175.8,WHO Growth Reference 2007 (61-228 thang)
Nam,HFA,211,175.8,WHO Growth Reference 2007 (61-228 thang)
Nam,HFA,212,175.9,WHO Growth Reference 2007 (61-228 thang)
Nam,HFA,213,176,WHO Growth Reference 2007 (61-228 thang)
Nam,HFA,214,176,WHO Growth Reference 2007 (61-228 thang)
Nam,HFA,215,176.1,WHO Growth Reference 2007 (61-228 thang)
Nam,HFA,216,176.1,WHO Growth Reference 2007 (61-228 thang)
Nam,HFA,217,176.2,WHO Growth Reference 2007 (61-228 thang)
Nam,HFA,218,176.2,WHO Growth Reference 2007 (61-228 thang)
Nam,HFA,219,176.3,WHO Growth Reference 2007 (61-228 thang)
Nam,HFA,220,176.3,WHO Growth Reference 2007 (61-228 thang)
Nam,HFA,221,176.4,WHO Growth Reference 2007 (61-228 thang)
Nam,HFA,222,176.4,WHO Growth Reference 2007 (61-228 thang)
Nam,HFA,223,176.4,WHO Growth Reference 2007 (61-228 thang)
Nam,HFA,224,176.4,WHO Growth Reference 2007 (61-228 thang)
Nam,HFA,225,176.5,WHO Growth Reference 2007 (61-228 thang)
Nam,HFA,226,176.5,WHO Growth Reference 2007 (61-228 thang)
Nam,HFA,227,176.5,WHO Growth Reference 2007 (61-228 thang)
Nam,HFA,228,176.5,WHO Growth Reference 2007 (61-228 thang)
Nữ,HFA,0,49.1,WHO Child Growth Standards 2006 (0-60 thang)
Nữ,HFA,1,53.6,WHO Child Growth Standards 2006 (0-60 thang)
Nữ,HFA,2,57.1,WHO Child Growth Standards 2006 (0-60 thang)
Nữ,HFA,3,59.8,WHO Child Growth Standards 2006 (0-60 thang)
Nữ,HFA,4,62.1,WHO Child Growth Standards 2006 (0-60 thang)
Nữ,HFA,5,64,WHO Child Growth Standards 2006 (0-60 thang)
Nữ,HFA,6,65.8,WHO Child Growth Standards 2006 (0-60 thang)
Nữ,HFA,7,67.3,WHO Child Growth Standards 2006 (0-60 thang)
Nữ,HFA,8,68.7,WHO Child Growth Standards 2006 (0-60 thang)
Nữ,HFA,9,70.1,WHO Child Growth Standards 2006 (0-60 thang)
Nữ,HFA,10,71.5,WHO Child Growth Standards 2006 (0-60 thang)
Nữ,HFA,11,72.8,WHO Child Growth Standards 2006 (0-60 thang)
Nữ,HFA,12,74,WHO Child Growth Standards 2006 (0-60 thang)
Nữ,HFA,13,75.2,WHO Child Growth Standards 2006 (0-60 thang)
Nữ,HFA,14,76.4,WHO Child Growth Standards 2006 (0-60 thang)
Nữ,HFA,15,77.5,WHO Child Growth Standards 2006 (0-60 thang)
Nữ,HFA,16,78.6,WHO Child Growth Standards 2006 (0-60 thang)
Nữ,HFA,17,79.7,WHO Child Growth Standards 2006 (0-60 thang)
Nữ,HFA,18,80.7,WHO Child Growth Standards 2006 (0-60 thang)
Nữ,HFA,19,81.7,WHO Child Growth Standards 2006 (0-60 thang)
Nữ,HFA,20,82.7,WHO Child Growth Standards 2006 (0-60 thang)
Nữ,HFA,21,83.7,WHO Child Growth Standards 2006 (0-60 thang)
Nữ,HFA,22,84.6,WHO Child Growth Standards 2006 (0-60 thang)
Nữ,HFA,23,85.5,WHO Child Growth Standards 2006 (0-60 thang)
Nữ,HFA,24,86.4,WHO Child Growth Standards 2006 (0-60 thang)
Nữ,HFA,25,86.6,WHO Child Growth Standards 2006 (0-60 thang)
Nữ,HFA,26,87.4,WHO Child Growth Standards 2006 (0-60 thang)
Nữ,HFA,27,88.3,WHO Child Growth Standards 2006 (0-60 thang)
Nữ,HFA,28,89.1,WHO Child Growth Standards 2006 (0-60 thang)
Nữ,HFA,29,89.9,WHO Child Growth Standards 2006 (0-60 thang)
Nữ,HFA,30,90.7,WHO Child Growth Standards 2006 (0-60 thang)
Nữ,HFA,31,91.5,WHO Child Growth Standards 2006 (0-60 thang)
Nữ,HFA,32,92.2,WHO Child Growth Standards 2006 (0-60 thang)
Nữ,HFA,33,92.9,WHO Child Growth Standards 2006 (0-60 thang)
Nữ,HFA,34,93.6,WHO Child Growth Standards 2006 (0-60 thang)
Nữ,HFA,35,94.3,WHO Child Growth Standards 2006 (0-60 thang)
Nữ,HFA,36,95.1,WHO Child Growth Standards 2006 (0-60 thang)
Nữ,HFA,37,95.7,WHO Child Growth Standards 2006 (0-60 thang)
Nữ,HFA,38,96.4,WHO Child Growth Standards 2006 (0-60 thang)
Nữ,HFA,39,97.1,WHO Child Growth Standards 2006 (0-60 thang)
Nữ,HFA,40,97.7,WHO Child Growth Standards 2006 (0-60 thang)
Nữ,HFA,41,98.4,WHO Child Growth Standards 2006 (0-60 thang)
Nữ,HFA,42,99,WHO Child Growth Standards 2006 (0-60 thang)
Nữ,HFA,43,99.7,WHO Child Growth Standards 2006 (0-60 thang)
Nữ,HFA,44,100.3,WHO Child Growth Standards 2006 (0-60 thang)
Nữ,HFA,45,100.9,WHO Child Growth Standards 2006 (0-60 thang)
Nữ,HFA,46,101.5,WHO Child Growth Standards 2006 (0-60 thang)
Nữ,HFA,47,102.1,WHO Child Growth Standards 2006 (0-60 thang)
Nữ,HFA,48,102.7,WHO Child Growth Standards 2006 (0-60 thang)
Nữ,HFA,49,103.3,WHO Child Growth Standards 2006 (0-60 thang)
Nữ,HFA,50,103.9,WHO Child Growth Standards 2006 (0-60 thang)
Nữ,HFA,51,104.5,WHO Child Growth Standards 2006 (0-60 thang)
Nữ,HFA,52,105.1,WHO Child Growth Standards 2006 (0-60 thang)
Nữ,HFA,53,105.6,WHO Child Growth Standards 2006 (0-60 thang)
Nữ,HFA,54,106.2,WHO Child Growth Standards 2006 (0-60 thang)
Nữ,HFA,55,106.7,WHO Child Growth Standards 2006 (0-60 thang)
Nữ,HFA,56,107.3,WHO Child Growth Standards 2006 (0-60 thang)
Nữ,HFA,57,107.8,WHO Child Growth Standards 2006 (0-60 thang)
Nữ,HFA,58,108.4,WHO Child Growth Standards 2006 (0-60 thang)
Nữ,HFA,59,108.9,WHO Child Growth Standards 2006 (0-60 thang)
Nữ,HFA,60,109.4,WHO Child Growth Standards 2006 (0-60 thang)
Nữ,HFA,61,109.6,WHO Growth Reference 2007 (61-228 thang)
Nữ,HFA,62,110.1,WHO Growth Reference 2007 (61-228 thang)
Nữ,HFA,63,110.6,WHO Growth Reference 2007 (61-228 thang)
Nữ,HFA,64,111.2,WHO Growth Reference 2007 (61-228 thang)
Nữ,HFA,65,111.7,WHO Growth Reference 2007 (61-228 thang)
Nữ,HFA,66,112.2,WHO Growth Reference 2007 (61-228 thang)
Nữ,HFA,67,112.7,WHO Growth Reference 2007 (61-228 thang)
Nữ,HFA,68,113.2,WHO Growth Reference 2007 (61-228 thang)
Nữ,HFA,69,113.7,WHO Growth Reference 2007 (61-228 thang)
Nữ,HFA,70,114.2,WHO Growth Reference 2007 (61-228 thang)
Nữ,HFA,71,114.6,WHO Growth Reference 2007 (61-228 thang)
Nữ,HFA,72,115.1,WHO Growth Reference 2007 (61-228 thang)
Nữ,HFA,73,115.6,WHO Growth Reference 2007 (61-228 thang)
Nữ,HFA,74,116.1,WHO Growth Reference 2007 (61-228 thang)
Nữ,HFA,75,116.6,WHO Growth Reference 2007 (61-228 thang)
Nữ,HFA,76,117,WHO Growth Reference 2007 (61-228 thang)
Nữ,HFA,77,117.5,WHO Growth Reference 2007 (61-228 thang)
Nữ,HFA,78,118,WHO Growth Reference 2007 (61-228 thang)
Nữ,HFA,79,118.4,WHO Growth Reference 2007 (61-228 thang)
Nữ,HFA,80,118.9,WHO Growth Reference 2007 (61-228 thang)
Nữ,HFA,81,119.4,WHO Growth Reference 2007 (61-228 thang)
Nữ,HFA,82,119.9,WHO Growth Reference 2007 (61-228 thang)
Nữ,HFA,83,120.3,WHO Growth Reference 2007 (61-228 thang)
Nữ,HFA,84,120.8,WHO Growth Reference 2007 (61-228 thang)
Nữ,HFA,85,121.3,WHO Growth Reference 2007 (61-228 thang)
Nữ,HFA,86,121.8,WHO Growth Reference 2007 (61-228 thang)
Nữ,HFA,87,122.2,WHO Growth Reference 2007 (61-228 thang)
Nữ,HFA,88,122.7,WHO Growth Reference 2007 (61-228 thang)
Nữ,HFA,89,123.2,WHO Growth Reference 2007 (61-228 thang)
Nữ,HFA,90,123.7,WHO Growth Reference 2007 (61-228 thang)
Nữ,HFA,91,124.1,WHO Growth Reference 2007 (61-228 thang)
Nữ,HFA,92,124.6,WHO Growth Reference 2007 (61-228 thang)
Nữ,HFA,93,125.1,WHO Growth Reference 2007 (61-228 thang)
Nữ,HFA,94,125.6,WHO Growth Reference 2007 (61-228 thang)
Nữ,HFA,95,126.1,WHO Growth Reference 2007 (61-228 thang)
Nữ,HFA,96,126.6,WHO Growth Reference 2007 (61-228 thang)
Nữ,HFA,97,127,WHO Growth Reference 2007 (61-228 thang)
Nữ,HFA,98,127.5,WHO Growth Reference 2007 (61-228 thang)
Nữ,HFA,99,128,WHO Growth Reference 2007 (61-228 thang)
Nữ,HFA,100,128.5,WHO Growth Reference 2007 (61-228 thang)
Nữ,HFA,101,129,WHO Growth Reference 2007 (61-228 thang)
Nữ,HFA,102,129.5,WHO Growth Reference 2007 (61-228 thang)
Nữ,HFA,103,130,WHO Growth Reference 2007 (61-228 thang)
Nữ,HFA,104,130.5,WHO Growth Reference 2007 (61-228 thang)
Nữ,HFA,105,131,WHO Growth Reference 2007 (61-228 thang)
Nữ,HFA,106,131.5,WHO Growth Reference 2007 (61-228 thang)
Nữ,HFA,107,132,WHO Growth Reference 2007 (61-228 thang)
Nữ,HFA,108,132.5,WHO Growth Reference 2007 (61-228 thang)
Nữ,HFA,109,133,WHO Growth Reference 2007 (61-228 thang)
Nữ,HFA,110,133.5,WHO Growth Reference 2007 (61-228 thang)
Nữ,HFA,111,134,WHO Growth Reference 2007 (61-228 thang)
Nữ,HFA,112,134.5,WHO Growth Reference 2007 (61-228 thang)
Nữ,HFA,113,135,WHO Growth Reference 2007 (61-228 thang)
Nữ,HFA,114,135.5,WHO Growth Reference 2007 (61-228 thang)
Nữ,HFA,115,136.1,WHO Growth Reference 2007 (61-228 thang)
Nữ,HFA,116,136.6,WHO Growth Reference 2007 (61-228 thang)
Nữ,HFA,117,137.1,WHO Growth Reference 2007 (61-228 thang)
Nữ,HFA,118,137.6,WHO Growth Reference 2007 (61-228 thang)
Nữ,HFA,119,138.1,WHO Growth Reference 2007 (61-228 thang)
Nữ,HFA,120,138.6,WHO Growth Reference 2007 (61-228 thang)
Nữ,HFA,121,139.2,WHO Growth Reference 2007 (61-228 thang)
Nữ,HFA,122,139.7,WHO Growth Reference 2007 (61-228 thang)
Nữ,HFA,123,140.2,WHO Growth Reference 2007 (61-228 thang)
Nữ,HFA,124,140.7,WHO Growth Reference 2007 (61-228 thang)
Nữ,HFA,125,141.3,WHO Growth Reference 2007 (61-228 thang)
Nữ,HFA,126,141.8,WHO Growth Reference 2007 (61-228 thang)
Nữ,HFA,127,142.3,WHO Growth Reference 2007 (61-228 thang)
Nữ,HFA,128,142.9,WHO Growth Reference 2007 (61-228 thang)
Nữ,HFA,129,143.4,WHO Growth Reference 2007 (61-228 thang)
Nữ,HFA,130,143.9,WHO Growth Reference 2007 (61-228 thang)
Nữ,HFA,131,144.5,WHO Growth Reference 2007 (61-228 thang)
Nữ,HFA,132,145,WHO Growth Reference 2007 (61-228 thang)
Nữ,HFA,133,145.5,WHO Growth Reference 2007 (61-228 thang)
Nữ,HFA,134,146.1,WHO Growth Reference 2007 (61-228 thang)
Nữ,HFA,135,146.6,WHO Growth Reference 2007 (61-228 thang)
Nữ,HFA,136,147.1,WHO Growth Reference 2007 (61-228 thang)
Nữ,HFA,137,147.7,WHO Growth Reference 2007 (61-228 thang)
Nữ,HFA,138,148.2,WHO Growth Reference 2007 (61-228 thang)
Nữ,HFA,139,148.7,WHO Growth Reference 2007 (61-228 thang)
Nữ,HFA,140,149.2,WHO Growth Reference 2007 (61-228 thang)
Nữ,HFA,141,149.7,WHO Growth Reference 2007 (61-228 thang)
Nữ,HFA,142,150.2,WHO Growth Reference 2007 (61-228 thang)
Nữ,HFA,143,150.7,WHO Growth Reference 2007 (61-228 thang)
Nữ,HFA,144,151.2,WHO Growth Reference 2007 (61-228 thang)
Nữ,HFA,145,151.7,WHO Growth Reference 2007 (61-228 thang)
Nữ,HFA,146,152.2,WHO Growth Reference 2007 (61-228 thang)
Nữ,HFA,147,152.7,WHO Growth Reference 2007 (61-228 thang)
Nữ,HFA,148,153.1,WHO Growth Reference 2007 (61-228 thang)
Nữ,HFA,149,153.6,WHO Growth Reference 2007 (61-228 thang)
Nữ,HFA,150,154,WHO Growth Reference 2007 (61-228 thang)
Nữ,HFA,151,154.4,WHO Growth Reference 2007 (61-228 thang)
Nữ,HFA,152,154.8,WHO Growth Reference 2007 (61-228 thang)
Nữ,HFA,153,155.2,WHO Growth Reference 2007 (61-228 thang)
Nữ,HFA,154,155.6,WHO Growth Reference 2007 (61-228 thang)
Nữ,HFA,155,156,WHO Growth Reference 2007 (61-228 thang)
Nữ,HFA,156,156.4,WHO Growth Reference 2007 (61-228 thang)
Nữ,HFA,157,156.7,WHO Growth Reference 2007 (61-228 thang)
Nữ,HFA,158,157.1,WHO Growth Reference 2007 (61-228 thang)
Nữ,HFA,159,157.4,WHO Growth Reference 2007 (61-228 thang)
Nữ,HFA,160,157.7,WHO Growth Reference 2007 (61-228 thang)
Nữ,HFA,161,158,WHO Growth Reference 2007 (61-228 thang)
Nữ,HFA,162,158.3,WHO Growth Reference 2007 (61-228 thang)
Nữ,HFA,163,158.6,WHO Growth Reference 2007 (61-228 thang)
Nữ,HFA,164,158.8,WHO Growth Reference 2007 (61-228 thang)
Nữ,HFA,165,159.1,WHO Growth Reference 2007 (61-228 thang)
Nữ,HFA,166,159.3,WHO Growth Reference 2007 (61-228 thang)
Nữ,HFA,167,159.6,WHO Growth Reference 2007 (61-228 thang)
Nữ,HFA,168,159.8,WHO Growth Reference 2007 (61-228 thang)
Nữ,HFA,169,160,WHO Growth Reference 2007 (61-228 thang)
Nữ,HFA,170,160.2,WHO Growth Reference 2007 (61-228 thang)
Nữ,HFA,171,160.4,WHO Growth Reference 2007 (61-228 thang)
Nữ,HFA,172,160.6,WHO Growth Reference 2007 (61-228 thang)
Nữ,HFA,173,160.7,WHO Growth Reference 2007 (61-228 thang)
Nữ,HFA,174,160.9,WHO Growth Reference 2007 (61-228 thang)
Nữ,HFA,175,161,WHO Growth Reference 2007 (61-228 thang)
Nữ,HFA,176,161.2,WHO Growth Reference 2007 (61-228 thang)
Nữ,HFA,177,161.3,WHO Growth Reference 2007 (61-228 thang)
Nữ,HFA,178,161.4,WHO Growth Reference 2007 (61-228 thang)
Nữ,HFA,179,161.6,WHO Growth Reference 2007 (61-228 thang)
Nữ,HFA,180,161.7,WHO Growth Reference 2007 (61-228 thang)
Nữ,HFA,181,161.8,WHO Growth Reference 2007 (61-228 thang)
Nữ,HFA,182,161.9,WHO Growth Reference 2007 (61-228 thang)
Nữ,HFA,183,162,WHO Growth Reference 2007 (61-228 thang)
Nữ,HFA,184,162,WHO Growth Reference 2007 (61-228 thang)
Nữ,HFA,185,162.1,WHO Growth Reference 2007 (61-228 thang)
Nữ,HFA,186,162.2,WHO Growth Reference 2007 (61-228 thang)
Nữ,HFA,187,162.3,WHO Growth Reference 2007 (61-228 thang)
Nữ,HFA,188,162.3,WHO Growth Reference 2007 (61-228 thang)
Nữ,HFA,189,162.4,WHO Growth Reference 2007 (61-228 thang)
Nữ,HFA,190,162.4,WHO Growth Reference 2007 (61-228 thang)
Nữ,HFA,191,162.5,WHO Growth Reference 2007 (61-228 thang)
Nữ,HFA,192,162.5,WHO Growth Reference 2007 (61-228 thang)
Nữ,HFA,193,162.6,WHO Growth Reference 2007 (61-228 thang)
Nữ,HFA,194,162.6,WHO Growth Reference 2007 (61-228 thang)
Nữ,HFA,195,162.6,WHO Growth Reference 2007 (61-228 thang)
Nữ,HFA,196,162.7,WHO Growth Reference 2007 (61-228 thang)
Nữ,HFA,197,162.7,WHO Growth Reference 2007 (61-228 thang)
Nữ,HFA,198,162.7,WHO Growth Reference 2007 (61-228 thang)
Nữ,HFA,199,162.7,WHO Growth Reference 2007 (61-228 thang)
Nữ,HFA,200,162.8,WHO Growth Reference 2007 (61-228 thang)
Nữ,HFA,201,162.8,WHO Growth Reference 2007 (61-228 thang)
Nữ,HFA,202,162.8,WHO Growth Reference 2007 (61-228 thang)
Nữ,HFA,203,162.8,WHO Growth Reference 2007 (61-228 thang)
Nữ,HFA,204,162.9,WHO Growth Reference 2007 (61-228 thang)
Nữ,HFA,205,162.9,WHO Growth Reference 2007 (61-228 thang)
Nữ,HFA,206,162.9,WHO Growth Reference 2007 (61-228 thang)
Nữ,HFA,207,162.9,WHO Growth Reference 2007 (61-228 thang)
Nữ,HFA,208,162.9,WHO Growth Reference 2007 (61-228 thang)
Nữ,HFA,209,162.9,WHO Growth Reference 2007 (61-228 thang)
Nữ,HFA,210,163,WHO Growth Reference 2007 (61-228 thang)
Nữ,HFA,211,163,WHO Growth Reference 2007 (61-228 thang)
Nữ,HFA,212,163,WHO Growth Reference 2007 (61-228 thang)
Nữ,HFA,213,163,WHO Growth Reference 2007 (61-228 thang)
Nữ,HFA,214,163,WHO Growth Reference 2007 (61-228 thang)
Nữ,HFA,215,163,WHO Growth Reference 2007 (61-228 thang)
Nữ,HFA,216,163.1,WHO Growth Reference 2007 (61-228 thang)
Nữ,HFA,217,163.1,WHO Growth Reference 2007 (61-228 thang)
Nữ,HFA,218,163.1,WHO Growth Reference 2007 (61-228 thang)
Nữ,HFA,219,163.1,WHO Growth Reference 2007 (61-228 thang)
Nữ,HFA,220,163.1,WHO Growth Reference 2007 (61-228 thang)
Nữ,HFA,221,163.1,WHO Growth Reference 2007 (61-228 thang)
Nữ,HFA,222,163.1,WHO Growth Reference 2007 (61-228 thang)
Nữ,HFA,223,163.1,WHO Growth Reference 2007 (61-228 thang)
Nữ,HFA,224,163.1,WHO Growth Reference 2007 (61-228 thang)
Nữ,HFA,225,163.1,WHO Growth Reference 2007 (61-228 thang)
Nữ,HFA,226,163.2,WHO Growth Reference 2007 (61-228 thang)
Nữ,HFA,227,163.2,WHO Growth Reference 2007 (61-228 thang)
Nữ,HFA,228,163.2,WHO Growth Reference 2007 (61-228 thang)
Nam,WFA,0,3.3,WHO Child Growth Standards 2006 (0-60 thang)
Nam,WFA,1,4.5,WHO Child Growth Standards 2006 (0-60 thang)
Nam,WFA,2,5.6,WHO Child Growth Standards 2006 (0-60 thang)
Nam,WFA,3,6.4,WHO Child Growth Standards 2006 (0-60 thang)
Nam,WFA,4,7,WHO Child Growth Standards 2006 (0-60 thang)
Nam,WFA,5,7.5,WHO Child Growth Standards 2006 (0-60 thang)
Nam,WFA,6,7.9,WHO Child Growth Standards 2006 (0-60 thang)
Nam,WFA,7,8.3,WHO Child Growth Standards 2006 (0-60 thang)
Nam,WFA,8,8.6,WHO Child Growth Standards 2006 (0-60 thang)
Nam,WFA,9,8.9,WHO Child Growth Standards 2006 (0-60 thang)
Nam,WFA,10,9.2,WHO Child Growth Standards 2006 (0-60 thang)
Nam,WFA,11,9.4,WHO Child Growth Standards 2006 (0-60 thang)
Nam,WFA,12,9.6,WHO Child Growth Standards 2006 (0-60 thang)
Nam,WFA,13,9.9,WHO Child Growth Standards 2006 (0-60 thang)
Nam,WFA,14,10.1,WHO Child Growth Standards 2006 (0-60 thang)
Nam,WFA,15,10.3,WHO Child Growth Standards 2006 (0-60 thang)
Nam,WFA,16,10.5,WHO Child Growth Standards 2006 (0-60 thang)
Nam,WFA,17,10.7,WHO Child Growth Standards 2006 (0-60 thang)
Nam,WFA,18,10.9,WHO Child Growth Standards 2006 (0-60 thang)
Nam,WFA,19,11.1,WHO Child Growth Standards 2006 (0-60 thang)
Nam,WFA,20,11.3,WHO Child Growth Standards 2006 (0-60 thang)
Nam,WFA,21,11.5,WHO Child Growth Standards 2006 (0-60 thang)
Nam,WFA,22,11.8,WHO Child Growth Standards 2006 (0-60 thang)
Nam,WFA,23,12,WHO Child Growth Standards 2006 (0-60 thang)
Nam,WFA,24,12.1,WHO Child Growth Standards 2006 (0-60 thang)
Nam,WFA,25,12.4,WHO Child Growth Standards 2006 (0-60 thang)
Nam,WFA,26,12.5,WHO Child Growth Standards 2006 (0-60 thang)
Nam,WFA,27,12.7,WHO Child Growth Standards 2006 (0-60 thang)
Nam,WFA,28,12.9,WHO Child Growth Standards 2006 (0-60 thang)
Nam,WFA,29,13.1,WHO Child Growth Standards 2006 (0-60 thang)
Nam,WFA,30,13.3,WHO Child Growth Standards 2006 (0-60 thang)
Nam,WFA,31,13.5,WHO Child Growth Standards 2006 (0-60 thang)
Nam,WFA,32,13.7,WHO Child Growth Standards 2006 (0-60 thang)
Nam,WFA,33,13.8,WHO Child Growth Standards 2006 (0-60 thang)
Nam,WFA,34,14,WHO Child Growth Standards 2006 (0-60 thang)
Nam,WFA,35,14.2,WHO Child Growth Standards 2006 (0-60 thang)
Nam,WFA,36,14.3,WHO Child Growth Standards 2006 (0-60 thang)
Nam,WFA,37,14.5,WHO Child Growth Standards 2006 (0-60 thang)
Nam,WFA,38,14.7,WHO Child Growth Standards 2006 (0-60 thang)
Nam,WFA,39,14.8,WHO Child Growth Standards 2006 (0-60 thang)
Nam,WFA,40,15,WHO Child Growth Standards 2006 (0-60 thang)
Nam,WFA,41,15.2,WHO Child Growth Standards 2006 (0-60 thang)
Nam,WFA,42,15.3,WHO Child Growth Standards 2006 (0-60 thang)
Nam,WFA,43,15.5,WHO Child Growth Standards 2006 (0-60 thang)
Nam,WFA,44,15.7,WHO Child Growth Standards 2006 (0-60 thang)
Nam,WFA,45,15.9,WHO Child Growth Standards 2006 (0-60 thang)
Nam,WFA,46,16,WHO Child Growth Standards 2006 (0-60 thang)
Nam,WFA,47,16.2,WHO Child Growth Standards 2006 (0-60 thang)
Nam,WFA,48,16.3,WHO Child Growth Standards 2006 (0-60 thang)
Nam,WFA,49,16.5,WHO Child Growth Standards 2006 (0-60 thang)
Nam,WFA,50,16.7,WHO Child Growth Standards 2006 (0-60 thang)
Nam,WFA,51,16.8,WHO Child Growth Standards 2006 (0-60 thang)
Nam,WFA,52,17,WHO Child Growth Standards 2006 (0-60 thang)
Nam,WFA,53,17.2,WHO Child Growth Standards 2006 (0-60 thang)
Nam,WFA,54,17.3,WHO Child Growth Standards 2006 (0-60 thang)
Nam,WFA,55,17.5,WHO Child Growth Standards 2006 (0-60 thang)
Nam,WFA,56,17.7,WHO Child Growth Standards 2006 (0-60 thang)
Nam,WFA,57,17.8,WHO Child Growth Standards 2006 (0-60 thang)
Nam,WFA,58,18,WHO Child Growth Standards 2006 (0-60 thang)
Nam,WFA,59,18.2,WHO Child Growth Standards 2006 (0-60 thang)
Nam,WFA,60,18.3,WHO Child Growth Standards 2006 (0-60 thang)
Nữ,WFA,0,3.2,WHO Child Growth Standards 2006 (0-60 thang)
Nữ,WFA,1,4.2,WHO Child Growth Standards 2006 (0-60 thang)
Nữ,WFA,2,5.1,WHO Child Growth Standards 2006 (0-60 thang)
Nữ,WFA,3,5.8,WHO Child Growth Standards 2006 (0-60 thang)
Nữ,WFA,4,6.4,WHO Child Growth Standards 2006 (0-60 thang)
Nữ,WFA,5,6.9,WHO Child Growth Standards 2006 (0-60 thang)
Nữ,WFA,6,7.3,WHO Child Growth Standards 2006 (0-60 thang)
Nữ,WFA,7,7.6,WHO Child Growth Standards 2006 (0-60 thang)
Nữ,WFA,8,7.9,WHO Child Growth Standards 2006 (0-60 thang)
Nữ,WFA,9,8.2,WHO Child Growth Standards 2006 (0-60 thang)
Nữ,WFA,10,8.5,WHO Child Growth Standards 2006 (0-60 thang)
Nữ,WFA,11,8.7,WHO Child Growth Standards 2006 (0-60 thang)
Nữ,WFA,12,8.9,WHO Child Growth Standards 2006 (0-60 thang)
Nữ,WFA,13,9.2,WHO Child Growth Standards 2006 (0-60 thang)
Nữ,WFA,14,9.4,WHO Child Growth Standards 2006 (0-60 thang)
Nữ,WFA,15,9.6,WHO Child Growth Standards 2006 (0-60 thang)
Nữ,WFA,16,9.8,WHO Child Growth Standards 2006 (0-60 thang)
Nữ,WFA,17,10,WHO Child Growth Standards 2006 (0-60 thang)
Nữ,WFA,18,10.2,WHO Child Growth Standards 2006 (0-60 thang)
Nữ,WFA,19,10.4,WHO Child Growth Standards 2006 (0-60 thang)
Nữ,WFA,20,10.6,WHO Child Growth Standards 2006 (0-60 thang)
Nữ,WFA,21,10.9,WHO Child Growth Standards 2006 (0-60 thang)
Nữ,WFA,22,11.1,WHO Child Growth Standards 2006 (0-60 thang)
Nữ,WFA,23,11.3,WHO Child Growth Standards 2006 (0-60 thang)
Nữ,WFA,24,11.5,WHO Child Growth Standards 2006 (0-60 thang)
Nữ,WFA,25,11.7,WHO Child Growth Standards 2006 (0-60 thang)
Nữ,WFA,26,11.9,WHO Child Growth Standards 2006 (0-60 thang)
Nữ,WFA,27,12.1,WHO Child Growth Standards 2006 (0-60 thang)
Nữ,WFA,28,12.3,WHO Child Growth Standards 2006 (0-60 thang)
Nữ,WFA,29,12.5,WHO Child Growth Standards 2006 (0-60 thang)
Nữ,WFA,30,12.7,WHO Child Growth Standards 2006 (0-60 thang)
Nữ,WFA,31,12.9,WHO Child Growth Standards 2006 (0-60 thang)
Nữ,WFA,32,13.1,WHO Child Growth Standards 2006 (0-60 thang)
Nữ,WFA,33,13.3,WHO Child Growth Standards 2006 (0-60 thang)
Nữ,WFA,34,13.5,WHO Child Growth Standards 2006 (0-60 thang)
Nữ,WFA,35,13.7,WHO Child Growth Standards 2006 (0-60 thang)
Nữ,WFA,36,13.9,WHO Child Growth Standards 2006 (0-60 thang)
Nữ,WFA,37,14,WHO Child Growth Standards 2006 (0-60 thang)
Nữ,WFA,38,14.2,WHO Child Growth Standards 2006 (0-60 thang)
Nữ,WFA,39,14.4,WHO Child Growth Standards 2006 (0-60 thang)
Nữ,WFA,40,14.6,WHO Child Growth Standards 2006 (0-60 thang)
Nữ,WFA,41,14.8,WHO Child Growth Standards 2006 (0-60 thang)
Nữ,WFA,42,15,WHO Child Growth Standards 2006 (0-60 thang)
Nữ,WFA,43,15.2,WHO Child Growth Standards 2006 (0-60 thang)
Nữ,WFA,44,15.3,WHO Child Growth Standards 2006 (0-60 thang)
Nữ,WFA,45,15.5,WHO Child Growth Standards 2006 (0-60 thang)
Nữ,WFA,46,15.7,WHO Child Growth Standards 2006 (0-60 thang)
Nữ,WFA,47,15.9,WHO Child Growth Standards 2006 (0-60 thang)
Nữ,WFA,48,16.1,WHO Child Growth Standards 2006 (0-60 thang)
Nữ,WFA,49,16.2,WHO Child Growth Standards 2006 (0-60 thang)
Nữ,WFA,50,16.4,WHO Child Growth Standards 2006 (0-60 thang)
Nữ,WFA,51,16.6,WHO Child Growth Standards 2006 (0-60 thang)
Nữ,WFA,52,16.8,WHO Child Growth Standards 2006 (0-60 thang)
Nữ,WFA,53,17,WHO Child Growth Standards 2006 (0-60 thang)
Nữ,WFA,54,17.2,WHO Child Growth Standards 2006 (0-60 thang)
Nữ,WFA,55,17.3,WHO Child Growth Standards 2006 (0-60 thang)
Nữ,WFA,56,17.5,WHO Child Growth Standards 2006 (0-60 thang)
Nữ,WFA,57,17.7,WHO Child Growth Standards 2006 (0-60 thang)
Nữ,WFA,58,17.9,WHO Child Growth Standards 2006 (0-60 thang)
Nữ,WFA,59,18,WHO Child Growth Standards 2006 (0-60 thang)
Nữ,WFA,60,18.2,WHO Child Growth Standards 2006 (0-60 thang)